18,3.8.2002,"Ann","Jennifer",790247,3.6.2028,19.9.2025
19,26.1.2000,"Tim","Ann",131182,16.9.2024,18.12.2024
25,8.12.1990,"Ann","Ann",300132,5.4.2028,3.6.2031
25,23.3.2002,"Gerhard","Ann",875820,4.12.2022,3.11.2027
21,4.1.1997,"Gerhard","Ann",437868,13.8.2021,3.7.2030
19,13.11.2001,"Matt","Ann",338697,9.1.2021,16.2.2030
29,27.6.1993,"Mario","Ann",586972,13.11.2027,8.2.2025
21,13.10.2005,"Mario","Ann",624067,29.8.2020,1.2.2024
29,3.9.2003,"Luigi","Ann",490025,24.8.2028,19.4.2031
19,5.1.2001,"Sam","Ann",328563,10.2.2026,3.2.2030
29,30.3.1997,"George","Ann",240292,10.5.2028,22.7.2025
24,22.4.1996,"Luigi","Ann",981214,20.7.2026,16.8.2029
19,7.6.1992,"Werner","Ann",683397,28.8.2020,9.7.2024
18,9.9.2004,"Mario","Ann",679391,19.11.2026,23.7.2030
20,29.10.1997,"Ann","Ann",785066,15.2.2023,28.2.2024
19,23.10.1994,"Matt","Ann",583015,20.4.2021,19.7.2029
20,22.7.1991,"Luigi","Ann",186007,4.7.2022,14.10.2026
23,17.8.1991,"Jennifer","Ann",896978,13.8.2026,4.10.2023
20,25.8.1997,"Mario","Ann",771451,10.4.2023,7.4.2031
24,18.9.1993,"Peach","Ann",130589,19.6.2020,13.9.2025
23,18.12.2000,"Luigi","Ann",810830,1.12.2023,10.10.2023
24,26.8.2001,"Werner","Ann",352553,9.11.2021,13.8.2022
21,20.8.1992,"Peach","Ann",864729,21.4.2021,3.2.2021
24,15.4.2005,"Peach","Ann",331009,28.12.2028,10.3.2030
22,29.12.1991,"Tim","Ann",330599,16.10.2022,16.3.2021
18,15.12.1990,"Werner","Ann",864259,29.8.2020,16.5.2028
19,25.12.1998,"Mario","Ann",423278,30.7.2020,3.9.2027
28,10.4.1999,"Werner","Ann",534104,26.1.2028,20.7.2021
29,1.10.1999,"Ann","Ann",846994,1.1.2023,27.12.2027
27,7.5.2004,"Werner","Ann",830113,20.1.2022,10.6.2031
30,25.2.2003,"Mario","Ann",125769,5.3.2028,8.6.2024
19,21.5.1998,"Ann","George",557260,10.2.2027,8.9.2021
26,19.9.2000,"Sam","Gerhard",118087,18.9.2027,25.11.2022
20,17.2.1999,"Jennifer","George",635331,7.9.2020,13.10.2024
20,2.12.1997,"Peach","Gerhard",181367,12.1.2019,29.12.2025
21,2.5.1990,"George","George",576652,2.8.2028,18.5.2022
21,17.11.1990,"Gerhard","Gerhard",141343,10.7.2020,1.4.2026
22,1.9.2002,"George","George",384666,10.9.2027,30.5.2029
19,29.10.1991,"Jennifer","George",729711,3.4.2026,29.7.2028
29,8.10.2000,"Luigi","Gerhard",157689,9.10.2023,11.2.2030
28,2.2.1996,"Jennifer","Gerhard",137525,27.12.2028,2.6.2027
23,8.2.1998,"Matt","George",216592,7.4.2028,11.3.2028
22,21.7.2003,"Sam","Gerhard",653289,12.11.2022,6.3.2025
30,24.6.2003,"Sam","Gerhard",476457,12.8.2025,10.6.2031
25,18.1.1995,"Mario","George",746260,18.5.2024,10.5.2031
20,18.1.1995,"Peach","George",615015,6.8.2028,17.6.2023
30,1.9.1994,"Luigi","George",471720,29.8.2023,22.8.2026
20,19.4.2001,"Tim","Gerhard",562145,22.5.2028,6.4.2031
30,28.2.1990,"Sam","George",605414,2.10.2028,3.9.2029
25,25.8.1997,"Gerhard","Gerhard",466852,28.6.2019,29.10.2021
28,15.8.1995,"Sam","George",204224,19.4.2023,23.2.2022
27,1.12.2002,"Tim","Gerhard",535982,28.2.2027,27.3.2023
29,27.8.1990,"Matt","George",513935,5.2.2025,11.7.2022
24,23.4.1991,"Matt","George",377607,21.11.2028,1.5.2026
25,21.7.2001,"Werner","George",376191,4.1.2020,1.1.2030
25,25.3.2003,"Gerhard","George",795385,24.3.2018,29.10.2023
23,17.12.1994,"Peach","George",880456,17.1.2027,7.8.2029
19,8.10.2000,"Tim","Gerhard",468228,15.7.2026,4.4.2026
25,19.9.2005,"Mario","Gerhard",795419,29.10.2023,17.11.2025
27,9.3.2004,"Matt","Gerhard",477785,26.2.2025,4.11.2031
19,6.9.2002,"George","Gerhard",792237,5.3.2021,23.6.2023
25,17.5.2005,"Toad","George",289381,3.2.2026,12.6.2023
25,11.3.2004,"Sam","Gerhard",877324,6.6.2020,20.12.2030
29,20.6.1997,"Luigi","Gerhard",633809,18.5.2025,26.9.2030
30,12.11.1993,"Peach","George",533115,2.12.2020,18.10.2030
26,24.10.1993,"Matt","George",829063,12.12.2024,24.9.2026
18,4.7.1992,"Peach","George",634180,29.4.2023,4.6.2030
25,23.11.2003,"Toad","Gerhard",786402,19.11.2022,11.6.2024
18,23.2.1999,"Tim","Gerhard",666940,19.10.2022,19.10.2029
19,11.8.1995,"Luigi","Gerhard",166121,21.10.2018,4.9.2021
24,6.3.2000,"Mario","George",858402,2.5.2027,4.2.2021
26,20.1.2000,"Gerhard","George",456752,10.10.2025,14.7.2025
25,25.9.1992,"Mario","Gerhard",324759,1.8.2023,13.4.2030
20,2.1.2002,"Sam","Gerhard",295630,28.7.2025,20.7.2025
21,5.6.2001,"Mario","George",437658,5.3.2023,13.10.2029
18,25.12.2005,"Toad","George",369688,29.7.2021,1.12.2026
23,25.1.2002,"Ann","Gerhard",398314,29.1.2028,4.8.2024
24,25.4.1991,"Sam","Gerhard",173209,23.8.2018,25.10.2024
26,27.6.1990,"Matt","Gerhard",553898,10.5.2028,1.3.2031
29,18.6.2000,"Matt","George",443411,17.11.2022,13.11.2031
26,28.10.2002,"Mario","George",807214,5.5.2021,18.11.2026
18,9.10.2004,"Luigi","Gerhard",670342,8.5.2022,21.9.2021
23,27.6.1996,"Werner","George",974916,20.11.2022,25.7.2027
27,29.6.1995,"Jennifer","George",684599,28.1.2019,28.12.2029
18,25.7.1995,"Jennifer","George",126930,11.12.2026,1.8.2022
28,24.9.2002,"Toad","Gerhard",804626,7.5.2022,16.10.2029
26,25.2.1996,"Mario","Gerhard",188783,24.2.2019,23.4.2027
24,9.5.1993,"Mario","George",258711,25.12.2026,10.6.2029
29,23.1.2005,"Gerhard","Gerhard",987757,21.9.2027,30.11.2031
21,6.4.2004,"Tim","George",888040,15.3.2021,12.1.2021
28,25.11.1990,"Toad","Gerhard",290940,12.8.2022,4.5.2030
29,4.3.2002,"Gerhard","Gerhard",480598,7.4.2027,14.8.2030
24,18.5.2005,"Werner","George",584094,18.6.2020,11.10.2030
22,10.7.1995,"Toad","Gerhard",503531,7.1.2027,12.2.2022
30,14.12.1996,"George","George",490543,10.6.2023,7.11.2024
18,2.4.1994,"Jennifer","George",191824,21.10.2018,7.9.2030
30,7.12.2002,"Sam","George",842807,3.12.2027,11.9.2024
30,1.5.2000,"Matt","George",239701,4.2.2027,1.6.2022
21,19.6.1996,"Ann","Gerhard",591129,7.1.2021,23.7.2028
18,21.6.2001,"Toad","Gerhard",159883,4.4.2019,10.2.2025
21,22.8.1995,"Tim","Gerhard",240723,13.12.2023,29.7.2030
18,30.8.1990,"George","George",151526,17.3.2024,7.1.2031
23,23.7.1997,"Tim","Gerhard",348302,28.1.2019,30.7.2026
20,9.8.1994,"Luigi","George",900018,7.5.2019,2.4.2027
28,29.11.1993,"Werner","Gerhard",842616,12.6.2027,27.9.2023
22,22.1.1998,"Sam","George",535879,7.4.2018,7.1.2024
20,4.1.2004,"George","George",414179,22.4.2023,1.9.2022
18,22.10.1999,"Sam","George",681259,18.6.2026,8.7.2027
21,22.5.1999,"Jennifer","Gerhard",722894,26.3.2023,27.10.2028
18,5.5.1999,"Peach","Gerhard",498147,24.3.2026,14.1.2022
30,5.5.2002,"Matt","George",643204,9.9.2020,26.4.2031
23,14.7.2005,"Peach","George",463719,4.2.2019,23.3.2031
24,27.10.1996,"Luigi","George",606496,30.4.2024,27.4.2029
24,22.1.2001,"Sam","Gerhard",190321,20.9.2028,20.8.2026
26,25.9.1996,"Werner","Gerhard",139665,10.8.2028,19.5.2031
22,16.9.1994,"Werner","Gerhard",903635,19.6.2018,15.2.2029
21,11.7.1996,"Gerhard","George",685296,18.6.2019,27.9.2023
21,9.8.1990,"Tim","Gerhard",889812,15.10.2023,23.3.2024
22,24.12.2002,"Sam","George",572009,20.7.2027,12.10.2022
23,25.5.1994,"Ann","Gerhard",392815,30.11.2020,16.2.2030
27,14.12.1996,"Toad","Gerhard",848374,8.6.2024,22.1.2021
23,30.9.2003,"Matt","Gerhard",387810,4.4.2018,12.12.2031
18,25.11.1994,"Mario","George",883964,6.9.2019,14.5.2027
29,20.8.2004,"Werner","Gerhard",532505,21.7.2019,6.6.2024
24,19.5.1992,"Werner","George",359801,5.2.2019,17.11.2023
20,17.8.1994,"Toad","George",848128,19.5.2026,25.4.2024
19,16.12.1999,"Toad","George",454997,20.8.2026,23.12.2029
26,15.1.1995,"Sam","Gerhard",544738,3.4.2026,3.10.2021
18,22.12.2000,"Werner","Gerhard",523648,22.8.2025,17.5.2026
18,19.8.1999,"Sam","Gerhard",534748,22.2.2024,20.3.2022
28,16.9.1997,"Ann","George",139773,23.1.2022,27.4.2031
21,4.3.2002,"Sam","Gerhard",491293,19.6.2021,21.7.2029
18,18.11.1991,"Matt","Gerhard",326520,29.8.2018,17.7.2026
23,19.6.1990,"Peach","George",156050,27.2.2018,9.5.2026
24,7.4.2004,"Luigi","Jennifer",631634,6.10.2027,11.5.2021
19,7.6.1999,"Gerhard","Jennifer",832382,18.8.2023,7.10.2029
23,29.9.2003,"Matt","Jennifer",671829,27.12.2020,5.4.2031
27,25.12.2005,"Jennifer","Jennifer",924075,6.10.2027,11.11.2026
22,10.11.1997,"Ann","Jennifer",671191,5.2.2023,5.12.2029
29,15.8.2001,"Werner","Jennifer",897065,14.7.2019,17.6.2021
18,4.7.1991,"Mario","Jennifer",730617,8.7.2028,2.10.2022
20,29.4.2004,"Peach","Jennifer",412330,19.11.2024,30.5.2026
25,22.6.1992,"Jennifer","Jennifer",539877,23.4.2024,10.10.2025
20,28.10.2004,"Jennifer","Jennifer",799550,16.10.2027,20.8.2024
22,5.5.1997,"Peach","Jennifer",315415,11.12.2027,16.1.2031
24,20.9.1996,"Peach","Jennifer",247501,29.12.2027,2.11.2024
26,22.2.2005,"Matt","Jennifer",850449,3.2.2023,18.5.2027
27,18.6.2005,"Peach","Jennifer",550885,9.8.2020,20.6.2021
19,19.8.1997,"Luigi","Jennifer",838486,29.4.2020,18.1.2029
28,10.5.1990,"Werner","Jennifer",636553,26.5.2027,27.11.2030
20,25.6.1999,"Ann","Jennifer",263585,12.3.2025,2.11.2027
18,10.10.2000,"Peach","Jennifer",834747,10.11.2027,24.2.2021
23,15.9.2005,"Sam","Jennifer",673972,25.2.2020,18.9.2024
19,3.6.2000,"Tim","Jennifer",728563,5.4.2024,11.11.2028
29,8.11.1994,"Werner","Jennifer",711598,25.9.2018,17.11.2024
25,16.8.1997,"Mario","Jennifer",708317,11.1.2022,9.8.2023
28,1.9.2004,"George","Jennifer",398828,18.10.2022,20.3.2028
28,29.3.1993,"Sam","Jennifer",699958,27.5.2028,4.4.2022
27,2.6.1995,"Ann","Jennifer",587741,24.9.2026,25.5.2023
30,16.12.1998,"Ann","Jennifer",989907,3.12.2028,28.6.2021
25,22.4.2002,"Matt","Jennifer",545660,14.7.2025,2.2.2031
28,5.3.2004,"Luigi","Jennifer",224825,13.3.2021,23.12.2024
28,2.1.2003,"Luigi","Jennifer",884938,25.3.2026,27.10.2028
24,6.12.1990,"Mario","Jennifer",151664,24.11.2022,10.7.2025
20,25.12.1996,"Jennifer","Jennifer",383286,20.5.2026,28.9.2029
18,17.1.2005,"Peach","Jennifer",208126,15.5.2022,22.12.2030
24,10.7.1993,"Matt","Jennifer",709815,28.3.2023,18.12.2026
28,14.6.1995,"Jennifer","Jennifer",867141,30.9.2023,15.8.2031
29,8.2.1997,"Ann","Jennifer",609238,23.5.2023,19.1.2021
23,22.3.1996,"George","Jennifer",263886,9.1.2018,28.9.2023
28,21.1.1990,"Werner","Jennifer",515412,9.2.2024,28.12.2031
24,4.8.1994,"Peach","Jennifer",353312,16.3.2028,26.4.2027
23,2.11.1998,"Toad","Jennifer",374669,22.2.2023,14.2.2027
29,23.12.1991,"Luigi","Jennifer",326087,4.8.2023,6.1.2030
29,11.11.1994,"Sam","Jennifer",421745,4.8.2024,20.9.2027
27,16.3.2004,"Werner","Jennifer",512487,15.1.2028,28.6.2023
26,3.6.2003,"Jennifer","Luigi",362403,23.10.2021,16.5.2025
29,13.3.1995,"George","Luigi",482257,1.7.2028,1.11.2024
19,24.3.1995,"Peach","Luigi",930820,26.9.2025,1.3.2030
29,13.12.1996,"Jennifer","Luigi",986080,6.12.2024,11.6.2025
28,1.9.1999,"Peach","Luigi",887451,13.11.2018,11.11.2021
24,26.7.1993,"Ann","Luigi",429952,15.4.2021,20.2.2022
19,8.12.1990,"Mario","Luigi",271009,22.8.2026,6.5.2026
20,1.7.2000,"Tim","Luigi",486297,24.2.2022,22.2.2024
30,30.1.1995,"George","Luigi",157208,11.6.2021,2.5.2030
27,9.5.1996,"Toad","Luigi",242487,20.9.2022,16.2.2027
27,19.12.1999,"Gerhard","Luigi",134299,26.4.2018,12.2.2028
18,19.7.1992,"Peach","Luigi",371997,13.8.2022,19.6.2029
18,10.2.1998,"Jennifer","Luigi",396724,24.1.2025,4.2.2029
30,3.2.1990,"Tim","Luigi",410517,1.10.2024,26.10.2030
22,14.12.1998,"Mario","Luigi",601809,27.2.2023,7.9.2026
18,9.5.1997,"Werner","Luigi",387205,29.8.2024,11.9.2029
30,30.5.2000,"Toad","Luigi",971999,15.10.2022,18.6.2022
19,24.8.2001,"George","Luigi",734112,6.2.2020,19.4.2027
18,27.5.1999,"Ann","Luigi",801268,28.7.2019,25.1.2023
27,14.1.1997,"Tim","Luigi",394302,20.4.2020,22.8.2023
19,9.11.1994,"Gerhard","Luigi",967724,15.6.2027,23.10.2024
28,12.1.2000,"Matt","Luigi",108223,9.1.2028,21.8.2030
20,5.11.2002,"Jennifer","Luigi",656651,16.12.2025,22.1.2030
25,26.2.1990,"Toad","Luigi",305487,11.12.2028,9.7.2031
22,22.1.1996,"Gerhard","Luigi",728423,14.10.2025,3.5.2025
26,3.11.2003,"Peach","Luigi",136277,26.8.2028,4.2.2030
26,25.1.1992,"Tim","Luigi",275873,11.12.2022,28.1.2025
23,15.7.1990,"Luigi","Luigi",865018,6.3.2023,7.7.2021
29,20.2.1994,"Toad","Luigi",149667,2.1.2027,28.5.2031
25,20.7.2005,"Gerhard","Luigi",184937,19.9.2023,3.5.2030
28,5.4.2004,"Werner","Luigi",537493,20.7.2027,29.10.2030
24,15.12.1994,"George","Luigi",681401,30.11.2022,24.6.2030
28,1.10.1991,"Tim","Luigi",399778,5.4.2020,1.3.2028
18,18.2.1991,"Mario","Luigi",403333,3.6.2026,29.12.2030
23,28.8.1994,"Matt","Luigi",320165,9.12.2019,10.5.2023
22,4.5.1990,"Peach","Luigi",564064,25.4.2023,23.11.2030
19,13.12.1995,"George","Luigi",288751,14.10.2020,5.6.2030
23,2.1.2005,"Mario","Luigi",614352,4.9.2019,9.1.2026
29,29.9.2005,"Tim","Luigi",478752,9.1.2026,29.9.2025
22,10.5.1994,"Gerhard","Luigi",960386,9.2.2022,7.11.2027
27,27.12.1997,"Jennifer","Luigi",323133,14.6.2026,24.12.2030
18,24.1.1995,"Peach","Luigi",627055,3.8.2022,19.11.2029
26,16.7.1997,"Peach","Luigi",617184,18.1.2027,7.12.2022
30,30.1.2000,"Mario","Luigi",600814,22.3.2018,18.1.2025
22,20.3.1999,"Tim","Luigi",648303,19.5.2018,26.4.2030
26,26.11.1994,"Jennifer","Luigi",760567,15.7.2025,5.6.2025
18,12.2.2001,"Gerhard","Luigi",839644,26.7.2025,28.3.2022
22,25.3.2001,"Toad","Luigi",825658,6.6.2020,19.11.2028
22,28.12.2003,"Gerhard","Luigi",184775,14.4.2026,18.2.2029
30,15.2.2002,"Jennifer","Luigi",973483,11.4.2026,7.7.2026
25,6.4.2005,"Toad","Luigi",826831,15.2.2019,21.1.2025
25,13.7.2003,"Peach","Matt",724297,25.8.2025,18.10.2024
20,11.7.1992,"Werner","Mario",597939,28.3.2026,1.8.2024
29,27.5.1999,"Tim","Matt",294020,11.7.2021,22.12.2028
28,14.2.1992,"Toad","Mario",549383,27.10.2020,29.9.2024
27,13.11.1997,"George","Matt",980173,16.4.2022,1.3.2026
23,27.10.1990,"Tim","Matt",916762,30.5.2022,17.9.2025
22,29.5.1995,"Werner","Mario",228497,2.3.2025,26.10.2027
22,8.10.2002,"Mario","Mario",313755,9.8.2023,20.2.2022
29,13.12.1999,"Matt","Mario",210570,27.4.2019,26.6.2025
18,2.3.2002,"Luigi","Matt",577244,14.1.2019,1.2.2021
20,15.2.1991,"Peach","Mario",530485,9.7.2020,17.10.2026
18,9.11.1996,"Luigi","Matt",642764,3.6.2023,15.9.2027
29,28.1.2002,"Ann","Matt",816743,30.9.2018,30.3.2022
24,12.12.2000,"Jennifer","Matt",213749,14.3.2021,11.8.2029
22,16.6.1997,"Jennifer","Mario",513808,24.8.2021,27.1.2029
19,16.10.1990,"Toad","Matt",851666,27.11.2026,29.3.2024
28,18.12.1990,"George","Mario",828911,5.2.2021,11.11.2022
23,19.6.1997,"George","Matt",368471,21.12.2027,27.7.2028
29,11.3.1995,"Ann","Mario",719725,26.12.2023,12.6.2030
25,9.12.1994,"Gerhard","Matt",930697,19.2.2027,17.6.2022
26,1.12.1992,"Matt","Mario",870108,26.2.2025,5.8.2021
19,23.11.1995,"Luigi","Mario",731461,25.3.2025,7.7.2026
29,11.1.2001,"Peach","Matt",721159,21.11.2024,4.3.2030
18,14.1.1993,"Mario","Mario",279415,29.10.2019,20.8.2023
22,13.2.2001,"Peach","Mario",370764,1.4.2027,2.5.2021
28,25.7.1997,"Tim","Mario",435939,25.9.2026,23.4.2021
20,29.8.1990,"George","Matt",595907,30.6.2024,12.1.2023
27,16.2.1997,"Werner","Mario",132230,7.9.2027,26.3.2027
20,24.2.1997,"Jennifer","Mario",975076,16.3.2022,30.7.2029
25,20.8.2003,"Ann","Mario",693597,26.6.2021,2.3.2029
21,25.11.2001,"Mario","Mario",588089,26.6.2024,22.12.2024
20,11.9.2005,"Werner","Matt",879733,27.9.2021,2.8.2030
28,20.12.1992,"Matt","Mario",964968,3.9.2019,26.10.2021
20,13.8.1999,"Werner","Mario",492726,22.11.2020,14.9.2021
25,29.4.2002,"Mario","Mario",740910,4.4.2024,29.8.2031
22,8.1.1999,"Peach","Mario",800813,15.9.2022,3.12.2023
30,23.2.2001,"Ann","Matt",242063,16.4.2026,17.5.2027
19,28.11.2001,"Tim","Matt",880225,15.9.2020,24.1.2022
30,17.6.2005,"Tim","Matt",713092,1.4.2022,9.11.2028
30,28.4.1996,"Mario","Matt",600991,29.6.2020,9.5.2031
26,23.3.1994,"Tim","Matt",697539,26.5.2021,23.10.2028
24,12.2.2005,"George","Mario",648475,27.4.2024,12.5.2025
26,16.5.2001,"Gerhard","Mario",896678,14.7.2025,6.9.2024
26,23.9.2004,"Mario","Mario",962493,27.8.2021,11.12.2029
27,5.5.1993,"Peach","Mario",533464,30.11.2018,1.7.2023
30,24.9.2000,"Werner","Matt",216375,30.11.2021,26.1.2025
29,10.2.1993,"Mario","Mario",334153,29.6.2022,6.5.2027
23,13.4.1992,"Toad","Matt",670404,20.3.2019,22.10.2027
19,21.4.1995,"Werner","Mario",648066,29.3.2022,9.11.2025
22,13.4.1997,"Werner","Mario",869240,22.3.2024,8.6.2029
25,27.10.2002,"Werner","Matt",966440,9.11.2027,19.6.2027
30,4.11.1994,"Luigi","Matt",541447,30.8.2026,12.8.2022
28,11.10.1992,"George","Mario",980821,2.9.2028,14.2.2021
21,24.12.1992,"Ann","Matt",676815,4.5.2023,23.4.2024
28,13.1.1999,"Toad","Matt",877677,29.11.2028,1.3.2022
26,26.8.2001,"Peach","Matt",223305,26.3.2019,12.3.2030
19,29.12.1997,"Tim","Matt",251352,29.2.2028,20.4.2031
29,8.7.2002,"Mario","Mario",163996,7.9.2025,22.4.2025
20,5.1.1992,"Ann","Matt",390334,17.11.2018,9.4.2023
25,20.5.1991,"Mario","Matt",170897,5.12.2022,29.7.2026
30,30.1.1990,"Tim","Matt",212258,9.12.2023,30.7.2026
30,4.12.2002,"Ann","Mario",356072,4.4.2026,10.12.2021
19,27.11.2004,"Peach","Matt",366707,4.9.2018,19.6.2030
21,12.4.1995,"Sam","Matt",108537,18.1.2027,12.8.2022
27,25.7.1990,"Ann","Mario",393488,6.8.2019,27.12.2030
22,11.2.2005,"Mario","Mario",911581,3.8.2021,19.12.2023
24,28.11.2001,"Mario","Mario",409352,22.1.2023,12.8.2023
29,8.4.1999,"Werner","Matt",841505,5.5.2018,10.10.2028
20,24.11.2000,"Tim","Matt",549421,6.9.2023,24.6.2022
21,21.3.2004,"Peach","Mario",929826,27.12.2018,25.2.2031
25,7.5.2002,"Toad","Mario",391063,11.5.2027,8.10.2024
25,21.3.1990,"George","Mario",523866,10.2.2022,29.3.2022
28,20.4.1996,"Ann","Matt",692038,28.12.2026,7.4.2026
21,5.7.2004,"Tim","Matt",547885,17.8.2020,12.12.2028
25,2.2.1994,"Peach","Mario",263554,14.9.2027,3.5.2024
30,6.7.1992,"Matt","Matt",894228,29.12.2022,13.7.2031
24,20.8.1998,"Sam","Matt",757237,22.12.2026,16.9.2021
30,19.2.1997,"Peach","Matt",270588,23.9.2022,11.10.2021
23,22.6.1990,"Ann","Mario",232869,4.2.2020,15.3.2024
24,28.2.1996,"Mario","Matt",387262,4.6.2020,1.11.2026
21,20.11.2000,"Jennifer","Mario",811391,5.11.2018,9.2.2030
29,28.9.1997,"Jennifer","Mario",889955,17.3.2025,12.8.2025
27,11.12.1998,"Ann","Matt",195058,18.4.2024,3.7.2023
20,8.12.1991,"Tim","Matt",912905,27.1.2020,21.9.2023
27,21.4.1990,"Toad","Peach",819696,20.3.2028,10.1.2025
21,24.2.1996,"Gerhard","Peach",344400,16.4.2023,26.5.2029
22,24.3.1991,"Matt","Peach",899945,22.11.2020,16.2.2029
23,11.8.1993,"George","Peach",437261,26.5.2024,4.6.2023
19,27.8.1997,"Mario","Peach",864450,2.1.2018,13.3.2025
26,8.7.1994,"George","Peach",706494,1.9.2024,17.11.2026
18,16.2.1994,"Werner","Peach",565693,12.11.2023,22.2.2026
21,29.7.1991,"Matt","Peach",232054,20.9.2018,22.3.2029
22,12.11.2002,"George","Peach",234761,25.4.2021,22.3.2022
25,27.12.2002,"Luigi","Peach",204606,26.1.2021,5.5.2025
30,3.1.1993,"Sam","Peach",861932,22.3.2028,16.1.2022
30,15.11.2000,"Tim","Peach",523958,5.8.2020,9.3.2030
20,14.7.2004,"Jennifer","Peach",568970,12.3.2028,23.9.2031
22,17.6.1995,"Peach","Peach",490996,24.7.2021,30.4.2027
30,11.12.2001,"Tim","Peach",142544,7.12.2028,1.5.2029
22,16.1.2004,"Ann","Peach",948787,6.6.2025,8.6.2021
20,27.12.1994,"Mario","Peach",537981,26.11.2023,15.6.2030
25,12.1.2001,"Werner","Peach",244146,23.7.2024,11.8.2025
23,3.4.2000,"Tim","Peach",998004,20.12.2021,16.12.2024
18,18.9.1995,"Tim","Peach",373045,17.8.2025,16.5.2031
19,11.9.2005,"Tim","Peach",331753,28.5.2025,1.10.2022
28,23.8.1996,"Toad","Peach",265441,23.4.2021,21.2.2031
27,26.9.1995,"Peach","Peach",125384,2.3.2023,11.11.2024
24,13.11.2004,"Matt","Peach",567174,27.8.2025,24.5.2023
26,18.9.2001,"Sam","Peach",611555,2.3.2028,11.11.2027
28,22.6.1993,"Werner","Peach",742071,15.2.2019,16.6.2024
21,13.4.2005,"Sam","Peach",340721,24.3.2021,5.11.2029
21,11.10.1991,"George","Peach",383366,25.2.2027,14.4.2025
22,20.3.1998,"George","Peach",207442,18.4.2021,8.4.2027
18,2.11.2005,"Sam","Peach",685238,22.8.2027,3.9.2028
24,23.11.1999,"Tim","Peach",844075,28.4.2022,10.7.2026
24,30.10.2003,"Werner","Peach",271333,13.2.2024,18.11.2025
30,18.4.1993,"George","Peach",753171,19.6.2023,15.3.2030
20,3.8.1999,"Mario","Peach",982542,21.5.2019,7.6.2029
19,6.8.1995,"Sam","Peach",531261,16.8.2026,5.12.2026
27,11.1.1990,"Tim","Peach",607540,1.5.2019,8.2.2030
19,17.8.1991,"Peach","Peach",743176,27.6.2018,10.11.2026
30,11.7.1997,"Toad","Peach",349761,16.1.2028,9.7.2021
18,4.9.1991,"Gerhard","Peach",321789,22.1.2020,26.11.2021
30,23.5.1991,"Mario","Peach",269492,10.4.2028,8.2.2021
21,19.8.1994,"Gerhard","Peach",422457,8.3.2022,9.6.2030
20,20.4.2000,"Peach","Sam",300165,23.9.2018,24.7.2021
27,9.2.1992,"Matt","Sam",374493,13.12.2019,10.2.2030
19,3.4.2000,"Peach","Sam",529144,10.10.2022,19.9.2021
30,27.10.1997,"Mario","Sam",534606,29.4.2022,13.12.2029
27,23.3.1991,"George","Sam",147960,16.9.2025,17.12.2031
18,25.3.1998,"Matt","Sam",514498,21.9.2020,1.2.2026
30,1.2.1993,"Sam","Sam",846916,26.6.2018,21.2.2028
27,2.6.1992,"Ann","Sam",869664,28.8.2024,1.12.2029
30,24.11.2005,"Sam","Sam",400751,16.7.2024,7.2.2024
26,10.10.1997,"Werner","Sam",377950,16.2.2019,5.12.2021
26,14.10.2002,"Jennifer","Sam",311392,12.8.2025,8.5.2030
27,10.4.2002,"Sam","Sam",601490,18.2.2023,3.12.2026
25,11.5.2003,"Sam","Sam",441837,6.5.2028,15.1.2031
23,22.9.1994,"Werner","Sam",872434,18.7.2023,15.9.2027
29,13.4.1996,"Sam","Sam",959592,23.5.2019,30.10.2030
25,8.11.1996,"Sam","Sam",597392,26.9.2025,25.1.2027
19,18.3.2001,"Mario","Sam",905922,11.6.2024,1.3.2030
19,17.5.2002,"Matt","Sam",149963,17.7.2019,15.3.2023
21,29.9.1999,"Peach","Sam",653001,16.10.2021,16.8.2021
26,30.5.1995,"Jennifer","Sam",943880,3.6.2023,13.9.2026
21,12.9.2004,"Jennifer","Sam",145627,4.8.2023,1.1.2026
25,22.2.1998,"Tim","Sam",125595,22.6.2020,2.7.2027
26,13.11.1995,"Gerhard","Sam",372404,11.11.2018,1.6.2029
25,10.11.1995,"Werner","Sam",898553,20.1.2026,14.3.2025
18,26.12.2002,"Toad","Sam",430316,27.1.2020,12.6.2029
29,11.1.2004,"Toad","Sam",352485,8.12.2024,3.12.2024
23,29.10.1990,"Jennifer","Sam",711533,14.10.2018,9.2.2022
28,4.4.2002,"Luigi","Sam",752137,11.2.2028,23.1.2021
26,4.1.2001,"Luigi","Sam",507479,4.5.2022,16.10.2025
28,23.1.1998,"Luigi","Sam",945651,1.12.2020,11.5.2026
18,27.3.2000,"Toad","Sam",486959,3.10.2023,16.4.2021
24,9.7.2005,"Ann","Sam",899386,24.6.2025,8.2.2024
23,18.8.1995,"George","Sam",633336,4.4.2025,5.3.2031
26,13.12.2002,"Peach","Sam",785349,1.5.2028,26.9.2028
27,30.3.1992,"Ann","Sam",620624,25.6.2018,4.7.2029
20,19.5.1996,"Toad","Sam",621403,14.5.2024,27.9.2027
24,12.1.2000,"George","Sam",368957,30.5.2026,28.6.2028
29,14.2.1990,"Luigi","Sam",700359,11.1.2018,10.9.2029
22,11.10.2000,"Sam","Sam",935426,25.5.2022,9.6.2030
20,15.6.2000,"Werner","Sam",716852,23.4.2020,1.12.2022
18,7.6.2001,"Sam","Sam",968961,4.1.2021,7.1.2025
18,26.3.2000,"George","Sam",819783,18.12.2024,17.7.2027
30,2.2.1995,"Tim","Sam",925333,25.2.2026,1.4.2030
25,11.11.2000,"Ann","Sam",768495,23.8.2018,17.10.2028
21,22.12.1993,"Mario","Sam",248591,12.10.2022,24.5.2031
25,2.1.1998,"Matt","Sam",200706,3.11.2028,13.11.2025
28,21.5.1993,"Gerhard","Tim",454105,2.4.2019,22.5.2021
19,21.8.1994,"Gerhard","Toad",454020,14.11.2026,13.8.2025
26,1.7.1995,"Peach","Toad",350190,19.9.2018,6.11.2025
29,26.12.2000,"Ann","Toad",834784,7.10.2021,10.4.2026
25,5.2.1994,"Sam","Toad",621870,2.3.2021,27.8.2027
29,28.12.1995,"Tim","Toad",691735,12.11.2018,20.1.2030
22,5.10.2005,"Mario","Tim",979150,22.5.2027,3.11.2028
26,22.3.2000,"Toad","Toad",929917,15.8.2019,27.2.2028
22,10.12.1995,"George","Toad",103465,16.10.2028,26.11.2023
29,14.12.2003,"Tim","Toad",916064,22.11.2027,28.8.2021
19,28.10.2003,"Ann","Tim",376120,28.7.2028,30.12.2023
29,16.4.1990,"Sam","Tim",109688,4.6.2018,10.5.2023
29,7.3.2001,"Sam","Toad",307277,25.5.2025,18.1.2031
30,19.1.2001,"Ann","Toad",995946,29.10.2021,19.8.2027
26,21.11.1997,"Toad","Toad",291918,30.3.2018,6.7.2030
26,26.8.2005,"Matt","Tim",163459,13.8.2020,21.11.2031
30,17.4.1997,"Gerhard","Tim",988821,24.10.2018,4.11.2026
28,7.8.1991,"Tim","Toad",814143,4.11.2020,6.4.2025
29,24.4.2000,"Peach","Toad",168497,30.8.2023,22.6.2021
26,7.2.1995,"Sam","Tim",605180,12.10.2025,19.3.2031
29,23.9.2000,"Mario","Toad",242638,14.11.2028,17.9.2028
23,8.3.2000,"Sam","Tim",919498,19.1.2020,25.11.2022
25,17.10.1991,"George","Toad",845223,3.7.2028,18.2.2023
19,24.9.2002,"Luigi","Tim",205912,11.2.2020,22.3.2028
18,28.10.2003,"Peach","Tim",545874,13.10.2027,3.7.2029
29,7.11.2001,"Ann","Tim",229204,10.5.2025,3.6.2030
30,15.3.1993,"Toad","Tim",970791,18.1.2022,2.1.2022
29,21.2.1998,"Luigi","Toad",791241,8.3.2028,6.9.2021
29,17.4.2004,"George","Toad",508559,19.4.2024,26.7.2030
22,17.5.1995,"Luigi","Toad",285611,8.11.2023,30.5.2028
28,23.9.1992,"Werner","Tim",708530,5.12.2025,23.4.2030
25,23.8.2005,"Ann","Toad",646551,29.7.2023,21.10.2021
24,23.7.1994,"Werner","Toad",967362,10.1.2025,15.2.2021
22,21.6.1993,"Tim","Toad",278438,22.1.2028,17.6.2021
19,25.5.2001,"Gerhard","Toad",185494,10.6.2022,20.3.2028
26,28.11.1991,"Werner","Tim",792672,13.12.2025,12.4.2024
26,20.7.1994,"Tim","Tim",575910,3.12.2020,18.3.2027
19,2.12.2005,"Luigi","Tim",311394,3.4.2018,29.12.2031
25,24.12.2004,"Jennifer","Toad",177398,23.8.2023,12.4.2027
29,21.4.2004,"Toad","Tim",597829,27.1.2025,27.1.2031
19,13.5.1993,"Luigi","Tim",175645,26.4.2018,7.2.2025
30,9.5.1991,"Mario","Tim",742892,29.5.2019,21.5.2025
26,20.3.1991,"Matt","Toad",653992,29.11.2026,23.7.2021
22,30.9.1992,"Jennifer","Toad",332211,10.11.2024,13.6.2026
18,19.3.2000,"Sam","Tim",351014,21.8.2019,11.6.2025
25,11.12.2002,"Ann","Toad",604138,6.12.2025,9.12.2029
29,20.9.2001,"Tim","Tim",125471,29.11.2025,18.10.2024
29,21.11.2003,"Tim","Toad",520341,12.1.2024,10.11.2027
26,21.12.2003,"Jennifer","Tim",550942,28.2.2022,21.2.2024
24,1.2.1994,"Werner","Tim",519121,8.9.2028,20.2.2031
30,11.10.1991,"Mario","Tim",675608,3.2.2026,7.6.2030
18,10.1.2000,"Ann","Tim",728205,5.7.2026,12.12.2023
27,2.5.1996,"Ann","Toad",908384,27.9.2028,20.11.2031
20,20.10.1994,"Luigi","Toad",373494,20.9.2025,17.9.2021
29,24.8.1993,"Gerhard","Toad",567652,2.6.2020,3.3.2024
19,8.7.2002,"Luigi","Toad",476510,25.11.2024,21.2.2023
24,8.4.2004,"Luigi","Toad",210392,27.3.2025,29.6.2029
23,30.10.1998,"Matt","Toad",928221,22.2.2026,16.4.2030
28,23.10.1996,"Gerhard","Toad",768999,5.8.2019,26.9.2027
28,16.1.1998,"Toad","Toad",771472,17.7.2021,13.10.2031
30,29.1.1995,"Luigi","Tim",329312,21.12.2022,2.8.2023
22,2.11.1997,"Ann","Toad",414102,18.7.2028,18.9.2022
22,12.10.2005,"Jennifer","Tim",138923,17.11.2027,19.12.2023
29,25.10.2001,"Ann","Tim",450537,27.4.2025,16.7.2027
23,5.11.1997,"Mario","Tim",920286,13.12.2028,16.8.2031
27,8.9.1997,"Jennifer","Tim",223078,13.7.2019,25.8.2029
26,5.12.2005,"Sam","Tim",242301,4.1.2027,17.5.2028
29,11.5.2000,"Luigi","Tim",591551,25.8.2027,27.1.2024
20,16.2.2005,"Jennifer","Toad",321210,30.7.2021,11.5.2026
25,26.9.2002,"George","Tim",481698,12.1.2025,26.10.2028
27,16.12.2005,"Luigi","Tim",757963,19.4.2018,6.7.2030
26,27.8.1997,"Mario","Tim",599623,4.2.2026,15.4.2021
29,10.9.1999,"Tim","Tim",521689,30.4.2019,23.12.2024
30,21.11.1994,"Jennifer","Toad",269386,8.1.2018,14.5.2028
21,5.10.1994,"Toad","Tim",300084,28.12.2018,11.11.2023
21,8.5.1996,"George","Toad",484720,19.10.2020,1.3.2029
20,9.7.2004,"Matt","Toad",898196,26.11.2023,23.5.2025
27,18.7.2000,"Mario","Toad",250813,16.1.2027,24.5.2022
25,27.3.1993,"Peach","Toad",135367,29.3.2018,30.11.2029
23,30.6.2000,"Matt","Toad",197475,4.8.2028,4.7.2022
22,21.1.1991,"Toad","Tim",790439,21.2.2018,12.10.2025
19,4.1.2002,"Toad","Tim",501791,7.8.2020,3.5.2021
20,30.4.1992,"Werner","Tim",224262,24.6.2019,1.3.2024
24,4.10.1999,"Werner","Tim",609019,27.10.2027,24.8.2029
28,1.5.1990,"Luigi","Tim",915439,24.6.2020,9.10.2028
24,26.11.1999,"Mario","Toad",105961,10.5.2027,9.2.2026
23,1.12.1999,"Luigi","Tim",655871,10.4.2023,11.8.2021
21,20.8.1998,"Sam","Toad",706956,7.3.2024,25.9.2025
24,25.6.1996,"Tim","Toad",200029,29.6.2022,4.9.2023
20,1.4.2004,"Peach","Tim",390212,22.7.2018,20.7.2022
29,8.1.1991,"Mario","Tim",270423,24.12.2022,18.5.2021
30,1.6.2001,"Sam","Tim",949441,13.6.2020,12.2.2030
20,26.8.2000,"Luigi","Toad",539128,13.4.2026,11.9.2023
27,30.5.2004,"Tim","Tim",215317,7.5.2023,24.9.2027
25,21.8.1995,"Matt","Toad",151054,29.9.2021,5.2.2031
28,28.5.2005,"Jennifer","Tim",920229,2.9.2023,27.2.2030
29,28.11.1990,"Toad","Toad",884118,25.12.2024,29.1.2028
28,30.8.2002,"Matt","Tim",578031,8.2.2023,15.3.2021
20,9.2.2002,"Matt","Toad",728788,5.8.2028,20.6.2025
29,4.2.1994,"Matt","Werner",100051,29.6.2022,21.10.2024
23,28.9.2005,"Sam","Werner",696850,14.2.2026,7.12.2024
27,12.11.1991,"Luigi","Werner",219183,20.12.2021,27.12.2030
27,28.3.1996,"Gerhard","Werner",544222,14.3.2022,22.7.2030
20,1.11.1991,"Gerhard","Werner",450718,7.8.2024,14.7.2023
22,2.5.1996,"George","Werner",459601,17.12.2026,27.9.2031
26,1.5.2003,"Luigi","Werner",341286,1.4.2024,13.9.2029
27,29.3.2000,"Peach","Werner",360501,10.8.2028,5.3.2029
22,19.5.1998,"Ann","Werner",630067,29.1.2026,5.3.2027
19,29.8.2000,"Gerhard","Werner",104618,4.5.2019,13.9.2030
24,23.7.2005,"Matt","Werner",103224,16.4.2024,17.1.2026
19,18.8.1993,"Sam","Werner",422991,11.8.2026,10.2.2027
21,23.5.2002,"Gerhard","Werner",625651,29.8.2028,6.10.2028
25,22.11.1996,"Sam","Werner",360469,3.12.2021,4.10.2030
23,5.10.2000,"Werner","Werner",917673,30.7.2025,8.1.2027
25,18.12.2001,"Jennifer","Werner",953090,6.2.2021,24.11.2031
29,9.10.1997,"Tim","Werner",974888,5.7.2028,8.8.2023
23,26.8.1995,"Tim","Werner",108587,18.6.2027,7.9.2031
28,22.3.2000,"Mario","Werner",566526,22.6.2026,13.3.2028
29,10.6.1992,"Werner","Werner",402598,27.4.2021,24.1.2029
26,2.8.2003,"George","Werner",425899,26.12.2022,29.6.2021
22,10.8.1998,"Ann","Werner",688450,7.11.2018,19.4.2029
19,11.9.1995,"Luigi","Werner",923971,27.3.2023,25.9.2023
23,6.4.2005,"Tim","Werner",947602,30.8.2018,8.11.2026
19,18.11.1994,"Mario","Werner",191294,27.11.2018,17.1.2030
28,20.8.2003,"Jennifer","Werner",236627,23.12.2028,9.1.2028
19,18.10.1992,"Matt","Werner",230931,5.8.2028,27.6.2029
28,4.2.2001,"Peach","Werner",473708,21.6.2026,22.3.2026
19,3.1.1996,"Jennifer","Werner",853224,25.1.2020,18.1.2031
19,17.9.2004,"Mario","Werner",351968,25.11.2020,4.2.2024
23,15.11.1995,"Sam","Werner",480678,25.11.2026,25.8.2024
25,7.6.1992,"Matt","Werner",904870,23.8.2024,11.3.2023
29,13.4.1994,"Mario","Werner",204342,28.3.2025,28.11.2025
20,26.6.1997,"Ann","Werner",209472,19.2.2019,1.2.2029
26,14.5.1999,"Gerhard","Werner",663958,14.8.2028,27.10.2024
20,23.6.1991,"Peach","Werner",500571,7.4.2027,22.7.2028
22,10.7.1995,"Luigi","Werner",496551,18.7.2024,16.11.2023
24,29.5.1995,"Gerhard","Werner",446330,30.7.2028,4.10.2030
19,23.7.1998,"Luigi","Werner",386948,19.5.2026,9.5.2021
18,18.2.2002,"Sam","Werner",394802,10.10.2026,28.6.2029
25,16.10.1997,"Gerhard","Werner",776581,27.7.2025,11.3.2025
18,8.7.1993,"Jennifer","Werner",375910,23.2.2025,22.2.2029
21,1.12.2003,"Tim","Werner",176426,22.10.2021,25.11.2026
30,25.9.1996,"Matt","Werner",339244,4.2.2028,16.8.2024
30,19.5.1998,"Tim","Werner",474515,27.10.2028,23.7.2024
28,11.7.1995,"Sam","Werner",149617,1.2.2025,6.8.2029
29,29.9.1992,"Toad","Werner",192387,3.6.2020,26.12.2025
27,28.11.1993,"Sam","Werner",248617,14.11.2022,23.7.2029
29,17.8.2004,"Mario","Werner",259799,7.7.2022,22.1.2031
